event_id,system_name,compkg_score,compkg_score_raw,compkg_variant,source_num_tokens,source_num_windows,rouge1_f1,rouge2_f1,rougeL_f1,num_references,compkg_status,rouge_status,compkg_error,rouge_error,join_status,many_to_many
CyclonePam,pegasus-large,0.016670945394890682,0.016670945394890682,S2-K_PT,45919,73,0.26332288401253917,0.069400630914826497,0.15047021943573669,1,ok,ok,,,ok,False
CyclonePam,t5-large,0.0013746422175809809,0.0013746422175809809,S2-K_PT,45919,73,0.13675213675213674,0.025862068965517241,0.085470085470085472,1,ok,ok,,,ok,False
GreeceWildfire,pegasus-large,0.0079639210322869011,0.0079639210322869011,S2-K_PT,49669,80,0.33670033670033667,0.10847457627118642,0.21548821548821548,1,ok,ok,,,ok,False
GreeceWildfire,t5-large,0.0053554261740141615,0.0053554261740141615,S2-K_PT,49669,80,0.13545816733067731,0.024096385542168676,0.079681274900398419,1,ok,ok,,,ok,False
Hagupit,pegasus-large,0.012741843561155198,0.012741843561155198,S2-K_PT,40660,71,0.15172413793103448,0.041666666666666671,0.10344827586206898,1,ok,ok,,,ok,False
Hagupit,t5-large,0.003660682383577263,0.003660682383577263,S2-K_PT,40660,71,0.18699186991869918,0.032786885245901634,0.089430894308943104,1,ok,ok,,,ok,False
Harda,pegasus-large,0.0051340818367210592,0.0051340818367210592,S2-K_PT,38269,69,0.24584717607973422,0.053511705685618728,0.13289036544850499,1,ok,ok,,,ok,False
Harda,t5-large,0.0034819526923331639,0.0034819526923331639,S2-K_PT,38269,69,0.14782608695652175,0.061403508771929828,0.10434782608695652,1,ok,ok,,,ok,False
Hblast,pegasus-large,0.015111802434086679,0.015111802434086679,S2-K_PT,39035,82,0.20437956204379562,0.029411764705882353,0.11678832116788321,1,ok,ok,,,ok,False
Hblast,t5-large,0.010377223334002377,0.010377223334002377,S2-K_PT,39035,82,0.17948717948717949,0.051724137931034482,0.094017094017094016,1,ok,ok,,,ok,False
KaikouraQuake,pegasus-large,0.013154613454063045,0.013154613454063045,S2-K_PT,60917,97,0.35294117647058831,0.13157894736842105,0.20261437908496735,1,ok,ok,,,ok,False
KaikouraQuake,t5-large,0.0067991097847552038,0.0067991097847552038,S2-K_PT,60917,97,0.15322580645161288,0.056910569105691054,0.11290322580645161,1,ok,ok,,,ok,False
LAShooting,pegasus-large,0.0086722081597415991,0.0086722081597415991,S2-K_PT,36855,65,0.25899280575539568,0.072463768115942032,0.14388489208633096,1,ok,ok,,,ok,False
LAShooting,t5-large,0.004170054661772722,0.004170054661772722,S2-K_PT,36855,65,0.14814814814814814,0.049792531120331954,0.09876543209876544,1,ok,ok,,,ok,False
Matthew,pegasus-large,0.01781381567239456,0.01781381567239456,S2-K_PT,40858,67,0.36085626911314983,0.11692307692307692,0.17737003058103976,1,ok,ok,,,ok,False
Matthew,t5-large,0.0062913664329219245,0.0062913664329219245,S2-K_PT,40858,67,0.18106995884773663,0.1078838174273859,0.1234567901234568,1,ok,ok,,,ok,False
MexicoQuake,pegasus-large,0.0075913665830939607,0.0075913665830939607,S2-K_PT,54308,97,0.28873239436619719,0.085106382978723388,0.16901408450704228,1,ok,ok,,,ok,False
MexicoQuake,t5-large,0.0046790071327187984,0.0046790071327187984,S2-K_PT,54308,97,0.21224489795918364,0.06584362139917696,0.15510204081632653,1,ok,ok,,,ok,False
PakQuake,pegasus-large,0.0094388512181768653,0.0094388512181768653,S2-K_PT,74492,115,0.22448979591836735,0.061643835616438346,0.12925170068027209,1,ok,ok,,,ok,False
PakQuake,t5-large,0.0038279393157720919,0.0038279393157720919,S2-K_PT,74492,115,0.22222222222222224,0.030888030888030885,0.13026819923371646,1,ok,ok,,,ok,False
SHShooting,pegasus-large,0.0026036841203059581,0.0026036841203059581,S2-K_PT,51180,98,0.19917012448132781,0.092050209205020939,0.1161825726141079,1,ok,ok,,,ok,False
SHShooting,t5-large,0.0024796288876823853,0.0024796288876823853,S2-K_PT,51180,98,0.12931034482758622,0.034782608695652174,0.094827586206896561,1,ok,ok,,,ok,False
USFlood,pegasus-large,0.0071575015629122786,0.0071575015629122786,S2-K_PT,78169,122,0.11244979919678716,0.0080971659919028358,0.080321285140562249,1,ok,ok,,,ok,False
USFlood,t5-large,0.0088382285789126002,0.0088382285789126002,S2-K_PT,78169,122,0.21641791044776121,0.045112781954887222,0.11940298507462686,1,ok,ok,,,ok,False
Uflood,pegasus-large,0.010432417517584608,0.010432417517584608,S2-K_PT,58873,99,0.24390243902439029,0.079754601226993876,0.13414634146341464,1,ok,ok,,,ok,False
Uflood,t5-large,0.0036524232436246492,0.0036524232436246492,S2-K_PT,58873,99,0.12552301255230125,0.01687763713080169,0.066945606694560678,1,ok,ok,,,ok,False
