event_id,system_name,candidate_summary
CyclonePam,t5-large,"cyclone Pam has left about 65,000 people homeless in vanuatu. more than 2,800 people are in evacuation centres after tcpam. uk to contribute â 500,000 to help people of the country."
GreeceWildfire,t5-large,"wildfires in greece have killed up to 65 people and injured more than 150. 187 people hospitalized with injuries, including 23 chlildren. residents trapped in seaside villages only one way to escape flames fled into sea."
Hagupit,t5-large,"maximum storm surge height is 0.1m in colonia, micronesia. landfall is expected over the eastern Visayas by Saturday PM. at least 100,000 people have fled coastal areas of the philippines ahead of the storm."
Harda,t5-large,"death toll rises to 24 in the twin train derails in harda, madhya Pradesh. kamayani express and janata express derail at harda following flash floods."
Hblast,t5-large,"blast took place near venkatdri theatre in dilsukhnagar, hyderabad. at least 15 people are feared dead and dozens others are missing. police suspect one of the bombs may have been kept on a motorcycle."
KaikouraQuake,t5-large,"new zealand rocked at least 2 killed in powerful magnitude-7.8 earthquake. civil defence recommends if people feel another long and strong earthquake, they should head for higher ground or as far inland as possible. nearly 5000 households remain without power in the Wellington region."
LAShooting,t5-large,"shooter is an off-duty tsa agent, law enforcement source tells user. suspect texted his brother to tell him he was suicidal, sources say. 23-year-old suspect named to us media as los angeles resident paul ciancia."
Matthew,t5-large,"hurricane matthew slams haiti and cuba with 230 kph winds. over 1.24m people affected in grand anse &amp; sud. 350,000 estimated to be in need of assistance."
MexicoQuake,t5-large,death toll climbs to 305 people after this weeks 7.1 magnitude earthquake in central mexico. frida the rescue dog became a symbol of hope following the earthquake. user is donating part of its Mexico concert proceeds to earthquake relief efforts.
PakQuake,t5-large,death toll from yesterday earthquake has rose to 37 with more than 500 people injured so far in AJK 3 prayers are with the affected people. earthquake of 5.8 magnitude s shook different parts of azad jammu and Kashmir (AJK) to subs of lahore. priority is restoring power from mangla and repairing damage to this main road.
SHShooting,t5-large,"at least 27 people are dead after a shooting at an elementary school in newtown, ct. white house says president Obama has been briefed about conn. school shootings."
USFlood,t5-large,"user has approved more than $8 million in individual and household disaster assistance to those hit hardest by winter storm and flooding conditions in Nebraska. john deere dealers are donating $60,000 towards aiding farmers and communities affected by flooding. tornado drill will take place in Iowa and Nebraska during the 10 o’clock hour this morning."
Uflood,t5-large,death toll in north india and uttrakhand floods crosses 200. 500+ people got stuck between Kedarnath &amp; Gaurikund. air rescue ops suspended due to ongoing bad weather.
