event_id,system_name,compkg_score,compkg_score_raw,compkg_variant,source_num_tokens,source_num_windows,status,error_message,runtime_seconds,backend
CyclonePam,t5-large,0.0013746422175809809,0.0013746422175809809,S2-K_PT,45919,73,ok,,2.0888410210609436,real
GreeceWildfire,t5-large,0.0053554261740141615,0.0053554261740141615,S2-K_PT,49669,80,ok,,1.9266144037246704,real
Hagupit,t5-large,0.003660682383577263,0.003660682383577263,S2-K_PT,40660,71,ok,,1.3260005936026573,real
Harda,t5-large,0.0034819526923331639,0.0034819526923331639,S2-K_PT,38269,69,ok,,1.1883276626467705,real
Hblast,t5-large,0.010377223334002377,0.010377223334002377,S2-K_PT,39035,82,ok,,1.4831296280026436,real
KaikouraQuake,t5-large,0.0067991097847552038,0.0067991097847552038,S2-K_PT,60917,97,ok,,2.1734260991215706,real
LAShooting,t5-large,0.004170054661772722,0.004170054661772722,S2-K_PT,36855,65,ok,,1.668872207403183,real
Matthew,t5-large,0.0062913664329219245,0.0062913664329219245,S2-K_PT,40858,67,ok,,1.4064196571707726,real
MexicoQuake,t5-large,0.0046790071327187984,0.0046790071327187984,S2-K_PT,54308,97,ok,,2.4772694483399391,real
PakQuake,t5-large,0.0038279393157720919,0.0038279393157720919,S2-K_PT,74492,115,ok,,3.0310696437954903,real
SHShooting,t5-large,0.0024796288876823853,0.0024796288876823853,S2-K_PT,51180,98,ok,,1.304884172976017,real
USFlood,t5-large,0.0088382285789126002,0.0088382285789126002,S2-K_PT,78169,122,ok,,3.8647109940648079,real
Uflood,t5-large,0.0036524232436246492,0.0036524232436246492,S2-K_PT,58873,99,ok,,1.6513475626707077,real
CyclonePam,pegasus-large,0.016670945394890682,0.016670945394890682,S2-K_PT,45919,73,ok,,0.85000550001859665,real
GreeceWildfire,pegasus-large,0.0079639210322869011,0.0079639210322869011,S2-K_PT,49669,80,ok,,2.2471647188067436,real
Hagupit,pegasus-large,0.012741843561155198,0.012741843561155198,S2-K_PT,40660,71,ok,,0.74688588082790375,real
Harda,pegasus-large,0.0051340818367210592,0.0051340818367210592,S2-K_PT,38269,69,ok,,0.63880322873592377,real
Hblast,pegasus-large,0.015111802434086679,0.015111802434086679,S2-K_PT,39035,82,ok,,0.68256165832281113,real
KaikouraQuake,pegasus-large,0.013154613454063045,0.013154613454063045,S2-K_PT,60917,97,ok,,1.2341469526290894,real
LAShooting,pegasus-large,0.0086722081597415991,0.0086722081597415991,S2-K_PT,36855,65,ok,,0.70559054613113403,real
Matthew,pegasus-large,0.01781381567239456,0.01781381567239456,S2-K_PT,40858,67,ok,,0.9064953476190567,real
MexicoQuake,pegasus-large,0.0075913665830939607,0.0075913665830939607,S2-K_PT,54308,97,ok,,1.0607170388102531,real
PakQuake,pegasus-large,0.0094388512181768653,0.0094388512181768653,S2-K_PT,74492,115,ok,,2.5964217782020569,real
SHShooting,pegasus-large,0.0026036841203059581,0.0026036841203059581,S2-K_PT,51180,98,ok,,0.86963330954313278,real
USFlood,pegasus-large,0.0071575015629122786,0.0071575015629122786,S2-K_PT,78169,122,ok,,1.9020107164978981,real
Uflood,pegasus-large,0.010432417517584608,0.010432417517584608,S2-K_PT,58873,99,ok,,1.1043329313397408,real
