analysis_level,rouge_metric,correlation_method,coefficient,p_value,ci95_low,ci95_high,n,status,note,event_id,n_systems,mean,median,std
sample,rouge1_f1,pearson,0.57767362088313945,0.0019988366038174118,,,26,ok,,,,,,
sample,rouge1_f1,spearman,0.58974358974358976,0.0015203721569751602,,,26,ok,,,,,,
sample,rouge1_f1,kendall_tau_b,0.40923076923076929,0.0029679642619168641,,,26,ok,,,,,,
sample,rouge2_f1,pearson,0.39102109209383151,0.048243985988967994,,,26,ok,,,,,,
sample,rouge2_f1,spearman,0.38256410256410256,0.053747386699134966,,,26,ok,,,,,,
sample,rouge2_f1,kendall_tau_b,0.25538461538461538,0.070392493189515251,,,26,ok,,,,,,
sample,rougeL_f1,pearson,0.47767334758402979,0.013590994519478469,,,26,ok,,,,,,
sample,rougeL_f1,spearman,0.51179487179487182,0.0075260680001706303,,,26,ok,,,,,,
sample,rougeL_f1,kendall_tau_b,0.35384615384615387,0.010949975204061223,,,26,ok,,,,,,
event_centered,rouge1_f1,pearson,0.68708112547985911,0.00010568290278446056,,,26,ok,,,,,,
event_centered,rouge1_f1,spearman,0.73401709401709392,1.9730672981671857e-05,,,26,ok,,,,,,
event_centered,rouge1_f1,kendall_tau_b,0.53846153846153855,5.7525846742063396e-05,,,26,ok,,,,,,
event_centered,rouge2_f1,pearson,0.55918546306991279,0.0029801685528569035,,,26,ok,,,,,,
event_centered,rouge2_f1,spearman,0.65675213675213662,0.00026816260242694623,,,26,ok,,,,,,
event_centered,rouge2_f1,kendall_tau_b,0.44615384615384618,0.0011043789974324149,,,26,ok,,,,,,
event_centered,rougeL_f1,pearson,0.68132171374113581,0.00012716909860740688,,,26,ok,,,,,,
event_centered,rougeL_f1,spearman,0.79829059829059834,1.0259165606413699e-06,,,26,ok,,,,,,
event_centered,rougeL_f1,kendall_tau_b,0.58769230769230774,8.5049558705803371e-06,,,26,ok,,,,,,
within_event_summary,rouge1_f1,spearman,,,,,0,insufficient_data,mean_of_defined_events; median=None; std=None; undefined=0; insufficient=13,,,,,
within_event_summary,rouge1_f1,kendall_tau_b,,,,,0,insufficient_data,mean_of_defined_events; median=None; std=None; undefined=0; insufficient=13,,,,,
within_event_summary,rouge2_f1,spearman,,,,,0,insufficient_data,mean_of_defined_events; median=None; std=None; undefined=0; insufficient=13,,,,,
within_event_summary,rouge2_f1,kendall_tau_b,,,,,0,insufficient_data,mean_of_defined_events; median=None; std=None; undefined=0; insufficient=13,,,,,
within_event_summary,rougeL_f1,spearman,,,,,0,insufficient_data,mean_of_defined_events; median=None; std=None; undefined=0; insufficient=13,,,,,
within_event_summary,rougeL_f1,kendall_tau_b,,,,,0,insufficient_data,mean_of_defined_events; median=None; std=None; undefined=0; insufficient=13,,,,,
system,rouge1_f1,pearson,,,,,2,insufficient_data,n<3,,,,,
system,rouge1_f1,spearman,,,,,2,insufficient_data,n<3,,,,,
system,rouge1_f1,kendall_tau_b,,,,,2,insufficient_data,n<3,,,,,
system,rouge2_f1,pearson,,,,,2,insufficient_data,n<3,,,,,
system,rouge2_f1,spearman,,,,,2,insufficient_data,n<3,,,,,
system,rouge2_f1,kendall_tau_b,,,,,2,insufficient_data,n<3,,,,,
system,rougeL_f1,pearson,,,,,2,insufficient_data,n<3,,,,,
system,rougeL_f1,spearman,,,,,2,insufficient_data,n<3,,,,,
system,rougeL_f1,kendall_tau_b,,,,,2,insufficient_data,n<3,,,,,
system_bootstrap,rouge1_f1,pearson,,,,,13,insufficient_data,n_boot_valid=0; skipped=10000,,,,,
system_bootstrap,rouge1_f1,spearman,,,,,13,insufficient_data,n_boot_valid=0; skipped=10000,,,,,
system_bootstrap,rouge1_f1,kendall_tau_b,,,,,13,insufficient_data,n_boot_valid=0; skipped=10000,,,,,
system_bootstrap,rouge2_f1,pearson,,,,,13,insufficient_data,n_boot_valid=0; skipped=10000,,,,,
system_bootstrap,rouge2_f1,spearman,,,,,13,insufficient_data,n_boot_valid=0; skipped=10000,,,,,
system_bootstrap,rouge2_f1,kendall_tau_b,,,,,13,insufficient_data,n_boot_valid=0; skipped=10000,,,,,
system_bootstrap,rougeL_f1,pearson,,,,,13,insufficient_data,n_boot_valid=0; skipped=10000,,,,,
system_bootstrap,rougeL_f1,spearman,,,,,13,insufficient_data,n_boot_valid=0; skipped=10000,,,,,
system_bootstrap,rougeL_f1,kendall_tau_b,,,,,13,insufficient_data,n_boot_valid=0; skipped=10000,,,,,
