analysis_level,rouge_metric,correlation_method,coefficient,p_value,ci95_low,ci95_high,n,status,note,event_id,n_systems
within_event,rouge1_f1,spearman,,,,,2,insufficient_data,n_systems<3,CyclonePam,2
within_event,rouge1_f1,kendall_tau_b,,,,,2,insufficient_data,n_systems<3,CyclonePam,2
within_event,rouge2_f1,spearman,,,,,2,insufficient_data,n_systems<3,CyclonePam,2
within_event,rouge2_f1,kendall_tau_b,,,,,2,insufficient_data,n_systems<3,CyclonePam,2
within_event,rougeL_f1,spearman,,,,,2,insufficient_data,n_systems<3,CyclonePam,2
within_event,rougeL_f1,kendall_tau_b,,,,,2,insufficient_data,n_systems<3,CyclonePam,2
within_event,rouge1_f1,spearman,,,,,2,insufficient_data,n_systems<3,GreeceWildfire,2
within_event,rouge1_f1,kendall_tau_b,,,,,2,insufficient_data,n_systems<3,GreeceWildfire,2
within_event,rouge2_f1,spearman,,,,,2,insufficient_data,n_systems<3,GreeceWildfire,2
within_event,rouge2_f1,kendall_tau_b,,,,,2,insufficient_data,n_systems<3,GreeceWildfire,2
within_event,rougeL_f1,spearman,,,,,2,insufficient_data,n_systems<3,GreeceWildfire,2
within_event,rougeL_f1,kendall_tau_b,,,,,2,insufficient_data,n_systems<3,GreeceWildfire,2
within_event,rouge1_f1,spearman,,,,,2,insufficient_data,n_systems<3,Hagupit,2
within_event,rouge1_f1,kendall_tau_b,,,,,2,insufficient_data,n_systems<3,Hagupit,2
within_event,rouge2_f1,spearman,,,,,2,insufficient_data,n_systems<3,Hagupit,2
within_event,rouge2_f1,kendall_tau_b,,,,,2,insufficient_data,n_systems<3,Hagupit,2
within_event,rougeL_f1,spearman,,,,,2,insufficient_data,n_systems<3,Hagupit,2
within_event,rougeL_f1,kendall_tau_b,,,,,2,insufficient_data,n_systems<3,Hagupit,2
within_event,rouge1_f1,spearman,,,,,2,insufficient_data,n_systems<3,Harda,2
within_event,rouge1_f1,kendall_tau_b,,,,,2,insufficient_data,n_systems<3,Harda,2
within_event,rouge2_f1,spearman,,,,,2,insufficient_data,n_systems<3,Harda,2
within_event,rouge2_f1,kendall_tau_b,,,,,2,insufficient_data,n_systems<3,Harda,2
within_event,rougeL_f1,spearman,,,,,2,insufficient_data,n_systems<3,Harda,2
within_event,rougeL_f1,kendall_tau_b,,,,,2,insufficient_data,n_systems<3,Harda,2
within_event,rouge1_f1,spearman,,,,,2,insufficient_data,n_systems<3,Hblast,2
within_event,rouge1_f1,kendall_tau_b,,,,,2,insufficient_data,n_systems<3,Hblast,2
within_event,rouge2_f1,spearman,,,,,2,insufficient_data,n_systems<3,Hblast,2
within_event,rouge2_f1,kendall_tau_b,,,,,2,insufficient_data,n_systems<3,Hblast,2
within_event,rougeL_f1,spearman,,,,,2,insufficient_data,n_systems<3,Hblast,2
within_event,rougeL_f1,kendall_tau_b,,,,,2,insufficient_data,n_systems<3,Hblast,2
within_event,rouge1_f1,spearman,,,,,2,insufficient_data,n_systems<3,KaikouraQuake,2
within_event,rouge1_f1,kendall_tau_b,,,,,2,insufficient_data,n_systems<3,KaikouraQuake,2
within_event,rouge2_f1,spearman,,,,,2,insufficient_data,n_systems<3,KaikouraQuake,2
within_event,rouge2_f1,kendall_tau_b,,,,,2,insufficient_data,n_systems<3,KaikouraQuake,2
within_event,rougeL_f1,spearman,,,,,2,insufficient_data,n_systems<3,KaikouraQuake,2
within_event,rougeL_f1,kendall_tau_b,,,,,2,insufficient_data,n_systems<3,KaikouraQuake,2
within_event,rouge1_f1,spearman,,,,,2,insufficient_data,n_systems<3,LAShooting,2
within_event,rouge1_f1,kendall_tau_b,,,,,2,insufficient_data,n_systems<3,LAShooting,2
within_event,rouge2_f1,spearman,,,,,2,insufficient_data,n_systems<3,LAShooting,2
within_event,rouge2_f1,kendall_tau_b,,,,,2,insufficient_data,n_systems<3,LAShooting,2
within_event,rougeL_f1,spearman,,,,,2,insufficient_data,n_systems<3,LAShooting,2
within_event,rougeL_f1,kendall_tau_b,,,,,2,insufficient_data,n_systems<3,LAShooting,2
within_event,rouge1_f1,spearman,,,,,2,insufficient_data,n_systems<3,Matthew,2
within_event,rouge1_f1,kendall_tau_b,,,,,2,insufficient_data,n_systems<3,Matthew,2
within_event,rouge2_f1,spearman,,,,,2,insufficient_data,n_systems<3,Matthew,2
within_event,rouge2_f1,kendall_tau_b,,,,,2,insufficient_data,n_systems<3,Matthew,2
within_event,rougeL_f1,spearman,,,,,2,insufficient_data,n_systems<3,Matthew,2
within_event,rougeL_f1,kendall_tau_b,,,,,2,insufficient_data,n_systems<3,Matthew,2
within_event,rouge1_f1,spearman,,,,,2,insufficient_data,n_systems<3,MexicoQuake,2
within_event,rouge1_f1,kendall_tau_b,,,,,2,insufficient_data,n_systems<3,MexicoQuake,2
within_event,rouge2_f1,spearman,,,,,2,insufficient_data,n_systems<3,MexicoQuake,2
within_event,rouge2_f1,kendall_tau_b,,,,,2,insufficient_data,n_systems<3,MexicoQuake,2
within_event,rougeL_f1,spearman,,,,,2,insufficient_data,n_systems<3,MexicoQuake,2
within_event,rougeL_f1,kendall_tau_b,,,,,2,insufficient_data,n_systems<3,MexicoQuake,2
within_event,rouge1_f1,spearman,,,,,2,insufficient_data,n_systems<3,PakQuake,2
within_event,rouge1_f1,kendall_tau_b,,,,,2,insufficient_data,n_systems<3,PakQuake,2
within_event,rouge2_f1,spearman,,,,,2,insufficient_data,n_systems<3,PakQuake,2
within_event,rouge2_f1,kendall_tau_b,,,,,2,insufficient_data,n_systems<3,PakQuake,2
within_event,rougeL_f1,spearman,,,,,2,insufficient_data,n_systems<3,PakQuake,2
within_event,rougeL_f1,kendall_tau_b,,,,,2,insufficient_data,n_systems<3,PakQuake,2
within_event,rouge1_f1,spearman,,,,,2,insufficient_data,n_systems<3,SHShooting,2
within_event,rouge1_f1,kendall_tau_b,,,,,2,insufficient_data,n_systems<3,SHShooting,2
within_event,rouge2_f1,spearman,,,,,2,insufficient_data,n_systems<3,SHShooting,2
within_event,rouge2_f1,kendall_tau_b,,,,,2,insufficient_data,n_systems<3,SHShooting,2
within_event,rougeL_f1,spearman,,,,,2,insufficient_data,n_systems<3,SHShooting,2
within_event,rougeL_f1,kendall_tau_b,,,,,2,insufficient_data,n_systems<3,SHShooting,2
within_event,rouge1_f1,spearman,,,,,2,insufficient_data,n_systems<3,USFlood,2
within_event,rouge1_f1,kendall_tau_b,,,,,2,insufficient_data,n_systems<3,USFlood,2
within_event,rouge2_f1,spearman,,,,,2,insufficient_data,n_systems<3,USFlood,2
within_event,rouge2_f1,kendall_tau_b,,,,,2,insufficient_data,n_systems<3,USFlood,2
within_event,rougeL_f1,spearman,,,,,2,insufficient_data,n_systems<3,USFlood,2
within_event,rougeL_f1,kendall_tau_b,,,,,2,insufficient_data,n_systems<3,USFlood,2
within_event,rouge1_f1,spearman,,,,,2,insufficient_data,n_systems<3,Uflood,2
within_event,rouge1_f1,kendall_tau_b,,,,,2,insufficient_data,n_systems<3,Uflood,2
within_event,rouge2_f1,spearman,,,,,2,insufficient_data,n_systems<3,Uflood,2
within_event,rouge2_f1,kendall_tau_b,,,,,2,insufficient_data,n_systems<3,Uflood,2
within_event,rougeL_f1,spearman,,,,,2,insufficient_data,n_systems<3,Uflood,2
within_event,rougeL_f1,kendall_tau_b,,,,,2,insufficient_data,n_systems<3,Uflood,2
