event_id,system_name,reference_id,rouge1_f1,rouge2_f1,rougeL_f1,rouge1_precision,rouge1_recall,rouge2_precision,rouge2_recall,rougeL_precision,rougeL_recall
CyclonePam,t5-large,Summary_CyclonePam,0.13675213675213674,0.025862068965517241,0.085470085470085472,0.48484848484848486,0.079601990049751242,0.09375,0.014999999999999999,0.30303030303030304,0.04975124378109453
GreeceWildfire,t5-large,Summary_GreeceWildfire,0.13545816733067731,0.024096385542168676,0.079681274900398419,0.47222222222222221,0.079069767441860464,0.085714285714285715,0.014018691588785047,0.27777777777777779,0.046511627906976744
Hagupit,t5-large,Summary_Hagupit,0.18699186991869918,0.032786885245901634,0.089430894308943104,0.63888888888888884,0.10952380952380952,0.11428571428571428,0.019138755980861243,0.30555555555555558,0.052380952380952382
Harda,t5-large,Summary_Harda,0.14782608695652175,0.061403508771929828,0.10434782608695652,0.68000000000000005,0.082926829268292687,0.29166666666666669,0.034313725490196081,0.47999999999999998,0.058536585365853662
Hblast,t5-large,Summary_Hblast,0.17948717948717949,0.051724137931034482,0.094017094017094016,0.61764705882352944,0.105,0.18181818181818182,0.03015075376884422,0.3235294117647059,0.055
KaikouraQuake,t5-large,Summary_KaikouraQuake,0.15322580645161288,0.056910569105691054,0.11290322580645161,0.41304347826086957,0.09405940594059406,0.15555555555555556,0.03482587064676617,0.30434782608695654,0.069306930693069313
LAShooting,t5-large,Summary_LAShooting,0.14814814814814814,0.049792531120331954,0.09876543209876544,0.47368421052631576,0.087804878048780483,0.16216216216216217,0.029411764705882353,0.31578947368421051,0.058536585365853662
Matthew,t5-large,Summary_Matthew,0.18106995884773663,0.1078838174273859,0.1234567901234568,0.75862068965517238,0.10280373831775701,0.4642857142857143,0.061032863849765258,0.51724137931034486,0.070093457943925228
MexicoQuake,t5-large,Summary_MexicoQuake,0.21224489795918364,0.06584362139917696,0.15510204081632653,0.63414634146341464,0.12745098039215685,0.20000000000000001,0.039408866995073892,0.46341463414634149,0.093137254901960786
PakQuake,t5-large,Summary_PakQuake,0.22222222222222224,0.030888030888030885,0.13026819923371646,0.5,0.14285714285714285,0.070175438596491224,0.019801980198019802,0.29310344827586204,0.083743842364532015
SHShooting,t5-large,Summary_SHShooting,0.12931034482758622,0.034782608695652174,0.094827586206896561,0.5357142857142857,0.073529411764705885,0.14814814814814814,0.019704433497536946,0.39285714285714285,0.053921568627450983
USFlood,t5-large,Summary_USFlood,0.21641791044776121,0.045112781954887222,0.11940298507462686,0.50877192982456143,0.13744075829383887,0.10714285714285714,0.028571428571428571,0.2807017543859649,0.07582938388625593
Uflood,t5-large,Summary_Uflood,0.12552301255230125,0.01687763713080169,0.066945606694560678,0.55555555555555558,0.070754716981132074,0.076923076923076927,0.0094786729857819912,0.29629629629629628,0.037735849056603772
CyclonePam,pegasus-large,Summary_CyclonePam,0.26332288401253917,0.069400630914826497,0.15047021943573669,0.3559322033898305,0.20895522388059701,0.094017094017094016,0.055,0.20338983050847459,0.11940298507462686
GreeceWildfire,pegasus-large,Summary_GreeceWildfire,0.33670033670033667,0.10847457627118642,0.21548821548821548,0.6097560975609756,0.23255813953488372,0.19753086419753085,0.07476635514018691,0.3902439024390244,0.14883720930232558
Hagupit,pegasus-large,Summary_Hagupit,0.15172413793103448,0.041666666666666671,0.10344827586206898,0.27500000000000002,0.10476190476190476,0.075949367088607597,0.028708133971291867,0.1875,0.071428571428571425
Harda,pegasus-large,Summary_Harda,0.24584717607973422,0.053511705685618728,0.13289036544850499,0.38541666666666669,0.18048780487804877,0.084210526315789472,0.039215686274509803,0.20833333333333334,0.097560975609756101
Hblast,pegasus-large,Summary_Hblast,0.20437956204379562,0.029411764705882353,0.11678832116788321,0.3783783783783784,0.14000000000000001,0.054794520547945202,0.020100502512562814,0.21621621621621623,0.080000000000000002
KaikouraQuake,pegasus-large,Summary_KaikouraQuake,0.35294117647058831,0.13157894736842105,0.20261437908496735,0.51923076923076927,0.26732673267326734,0.1941747572815534,0.09950248756218906,0.29807692307692307,0.15346534653465346
LAShooting,pegasus-large,Summary_LAShooting,0.25899280575539568,0.072463768115942032,0.14388489208633096,0.49315068493150682,0.17560975609756097,0.1388888888888889,0.049019607843137254,0.27397260273972601,0.097560975609756101
Matthew,pegasus-large,Summary_Matthew,0.36085626911314983,0.11692307692307692,0.17737003058103976,0.52212389380530977,0.27570093457943923,0.16964285714285715,0.089201877934272297,0.25663716814159293,0.13551401869158877
MexicoQuake,pegasus-large,Summary_MexicoQuake,0.28873239436619719,0.085106382978723388,0.16901408450704228,0.51249999999999996,0.20098039215686275,0.15189873417721519,0.059113300492610835,0.29999999999999999,0.11764705882352941
PakQuake,pegasus-large,Summary_PakQuake,0.22448979591836735,0.061643835616438346,0.12925170068027209,0.36263736263736263,0.1625615763546798,0.10000000000000001,0.044554455445544552,0.2087912087912088,0.093596059113300489
SHShooting,pegasus-large,Summary_SHShooting,0.19917012448132781,0.092050209205020939,0.1161825726141079,0.64864864864864868,0.11764705882352941,0.30555555555555558,0.054187192118226604,0.3783783783783784,0.068627450980392163
USFlood,pegasus-large,Summary_USFlood,0.11244979919678716,0.0080971659919028358,0.080321285140562249,0.36842105263157893,0.066350710900473939,0.027027027027027029,0.0047619047619047623,0.26315789473684209,0.047393364928909949
Uflood,pegasus-large,Summary_Uflood,0.24390243902439029,0.079754601226993876,0.13414634146341464,0.34482758620689657,0.18867924528301888,0.11304347826086956,0.061611374407582936,0.18965517241379309,0.10377358490566038
