time,wTT,wTM,wME,wEE,raw_output_file
2025-11-13 18:23:42,1.75,2.25,0,0,runs_logs3/TT1.75_TM2.25_ME0_EE0.log
2025-11-13 19:34:02,1.75,2.25,0,25.5,runs_logs3/TT1.75_TM2.25_ME0_EE25.5.log
2025-11-13 20:48:51,1.75,2.25,2.25,0,runs_logs3/TT1.75_TM2.25_ME2.25_EE0.log
2025-11-13 21:56:29,1.75,2.25,2.25,25.5,runs_logs3/TT1.75_TM2.25_ME2.25_EE25.5.log
2025-11-13 23:03:34,1.75,2.5,0,0,runs_logs3/TT1.75_TM2.5_ME0_EE0.log
2025-11-14 00:11:10,1.75,2.5,0,25.5,runs_logs3/TT1.75_TM2.5_ME0_EE25.5.log
2025-11-14 01:19:33,1.75,2.5,2.25,0,runs_logs3/TT1.75_TM2.5_ME2.25_EE0.log
2025-11-14 02:27:27,1.75,2.5,2.25,25.5,runs_logs3/TT1.75_TM2.5_ME2.25_EE25.5.log
2025-11-14 12:38:47,1.75,2.25,0,0.25,runs_logs3/TT1.75_TM2.25_ME0_EE0.25.log
2025-11-14 13:48:12,1.75,2.25,0,0.5,runs_logs3/TT1.75_TM2.25_ME0_EE0.5.log
2025-11-14 15:00:08,1.75,2.25,0.25,0.25,runs_logs3/TT1.75_TM2.25_ME0.25_EE0.25.log
2025-11-14 16:25:01,1.75,2.25,0.25,0.5,runs_logs3/TT1.75_TM2.25_ME0.25_EE0.5.log
2025-11-14 17:53:19,1.75,2.5,0,0.25,runs_logs3/TT1.75_TM2.5_ME0_EE0.25.log
2025-11-14 19:06:02,1.75,2.5,0,0.5,runs_logs3/TT1.75_TM2.5_ME0_EE0.5.log
2025-11-14 20:28:51,1.75,2.5,0.25,0.25,runs_logs3/TT1.75_TM2.5_ME0.25_EE0.25.log
2025-11-14 21:42:19,1.75,2.5,0.25,0.5,runs_logs3/TT1.75_TM2.5_ME0.25_EE0.5.log
