dataset,drop_ratio,n_repeats,seeds,n_correct_mean,n_correct_std,accuracy_mean,accuracy_std,fn_rate_mean,fn_rate_std,n_eval_mean,n_eval_std,n_tie_mean,n_tie_std,right_intrinsic_mean,right_intrinsic_std,right_extrinsic_mean,right_extrinsic_std,n_intrinsic_mean,n_intrinsic_std,n_extrinsic_mean,n_extrinsic_std,n_success_entities_mean,n_success_entities_std,n_dropped_entities_mean,n_dropped_entities_std,n_mention_entity_removed_mean,n_mention_entity_removed_std,n_entity_entity_removed_mean,n_entity_entity_removed_std,pearson_mean,pearson_std,spearman_mean,spearman_std,n_used_mean,n_used_std
DeFacto,0.0,1,[42],1213.0,0.0,0.7726114649681529,0.0,0.22738853503184714,0.0,1570.0,0.0,50.0,0.0,197.0,0.0,1016.0,0.0,315.0,0.0,1255.0,0.0,29684.0,0.0,0.0,0.0,0.0,0.0,0.0,0.0,,,,,,
DeFacto,0.1,5,"[42, 43, 44, 45, 46]",1208.6,2.8809720581775866,0.7698089171974523,0.001835014049794641,0.23019108280254774,0.001835014049794641,1570.0,0.0,49.0,0.0,197.6,1.140175425099138,1011.0,2.449489742783178,315.0,0.0,1255.0,0.0,29684.0,0.0,2498.0,0.0,3822.4,43.16016682080828,1167.0,87.89197915623473,,,,,,
DeFacto,0.2,5,"[42, 43, 44, 45, 46]",1188.8,4.324349662087931,0.7571974522292994,0.0027543628420942227,0.24280254777070062,0.0027543628420942227,1570.0,0.0,48.4,0.5477225575051661,195.0,3.9370039370059056,993.8,5.403702434442518,315.0,0.0,1255.0,0.0,29684.0,0.0,5593.0,0.0,8052.8,112.57752884123902,2424.4,48.73704956190926,,,,,,
DeFacto,0.3,5,"[42, 43, 44, 45, 46]",1169.0,5.1478150704935,0.7445859872611464,0.0032788631022251584,0.2554140127388535,0.0032788631022251584,1570.0,0.0,46.6,1.8165902124584952,191.2,5.263078946776306,977.8,1.788854381999832,315.0,0.0,1255.0,0.0,29684.0,0.0,9131.0,0.0,12862.6,128.6149291489911,3545.8,57.803114102961615,,,,,,
DeFacto,0.5,5,"[42, 43, 44, 45, 46]",1159.8,12.070625501605125,0.7387261146496814,0.007688296497837658,0.2612738853503185,0.007688296497837658,1570.0,0.0,47.6,0.8944271909999159,190.6,6.4265076052238514,969.2,8.526429498916883,315.0,0.0,1255.0,0.0,29684.0,0.0,16238.0,0.0,22571.0,57.597743011336824,5228.4,23.985412233272122,,,,,,
UniSumEval,0.0,1,[42],,,,,,,,,,,,,,,,,,,9143.0,0.0,0.0,0.0,0.0,0.0,0.0,0.0,0.05490291885200076,0.0,0.12306017706562661,0.0,441.0,0.0
UniSumEval,0.1,5,"[42, 43, 44, 45, 46]",,,,,,,,,,,,,,,,,,,9143.0,0.0,901.0,0.0,2029.6,108.68440550511374,64.4,7.402702209328699,0.052101668043554615,0.0045395745164295105,0.12088523738770851,0.003350598103851643,441.0,0.0
UniSumEval,0.2,5,"[42, 43, 44, 45, 46]",,,,,,,,,,,,,,,,,,,9143.0,0.0,1805.0,0.0,4228.8,140.40726476931312,121.8,9.23038460737146,0.04662305720411651,0.005281336492105934,0.11686236039131095,0.0045925315452924696,441.0,0.0
UniSumEval,0.3,5,"[42, 43, 44, 45, 46]",,,,,,,,,,,,,,,,,,,9143.0,0.0,2781.0,0.0,6381.6,184.19093354451516,179.2,8.526429498916881,0.048356224424085895,0.007606095638516864,0.11490861779520452,0.00675074986697811,441.0,0.0
UniSumEval,0.5,5,"[42, 43, 44, 45, 46]",,,,,,,,,,,,,,,,,,,9143.0,0.0,4768.0,0.0,10986.8,218.50789459422285,269.2,8.012490249604053,0.0463189254107126,0.0056731121939724615,0.11741584797552965,0.0026625793458463364,441.0,0.0
