sample_id,domain,document_model_tokens,human_score,baseline_score,sliding_score,baseline_num_windows,sliding_num_windows,baseline_unique_tokens,sliding_unique_tokens,baseline_token_coverage_ratio,sliding_token_coverage_ratio,baseline_num_token_nodes,sliding_num_token_nodes,baseline_num_mention_nodes,sliding_num_mention_nodes,baseline_num_entity_nodes,sliding_num_entity_nodes,baseline_num_E_tt,sliding_num_E_tt,baseline_num_E_tm,sliding_num_E_tm,baseline_num_E_me,sliding_num_E_me,baseline_num_E_ee,sliding_num_E_ee,baseline_graph_build_seconds,sliding_graph_build_seconds,baseline_total_seconds,sliding_total_seconds,status,error_type
67,GovReport,5369.0,0.8333333333333334,2042445047916.7185,540233838472.27515,1.0,19.0,998.0,5368.0,0.18591654247391953,1.0,812.0,4461.0,40.0,310.0,13.0,45.0,812.0,4461.0,78.0,580.0,25.0,195.0,0.0,0.0,0.5963188707828522,1.9076632633805275,0.6317999511957169,2.0825824290513992,ok,
445,GovReport,5707.0,0.9090909090909091,1389600366441.8547,516036858832.51904,1.0,29.0,1017.0,5706.0,0.17823343848580442,1.0,882.0,5025.0,87.0,384.0,12.0,32.0,882.0,5025.0,136.0,618.0,39.0,196.0,0.0,0.0,0.8595736399292946,2.0585082545876503,0.8947686180472374,2.377708539366722,ok,
521,GovReport,4813.0,0.8571428571428572,1472660139326.3801,583818878965.6823,1.0,16.0,984.0,4812.0,0.20448877805486285,1.0,834.0,4106.0,56.0,169.0,3.0,6.0,834.0,4106.0,99.0,255.0,8.0,43.0,0.0,0.0,0.49512287974357605,1.3942132592201233,0.5221559628844261,1.679373413324356,ok,
667,GovReport,3143.0,0.8333333333333334,1024040462253.169,514245443044.6726,1.0,13.0,984.0,3142.0,0.31317632081476765,1.0,759.0,2497.0,51.0,169.0,8.0,27.0,759.0,2497.0,105.0,345.0,23.0,84.0,0.0,0.0,0.32072946429252625,0.624598316848278,0.3466048538684845,0.7177717015147209,ok,
967,GovReport,5369.0,0.5,3194706062840.2183,704173526785.6237,1.0,19.0,998.0,5368.0,0.18591654247391953,1.0,812.0,4461.0,40.0,310.0,13.0,45.0,812.0,4461.0,78.0,580.0,25.0,195.0,0.0,0.0,0.5543984919786453,1.7589215114712715,0.5798771306872368,1.9155952110886574,ok,
1009,GovReport,9698.0,0.6666666666666667,1510734125576.7004,323949706439.08325,1.0,22.0,990.0,9697.0,0.10209343095802825,1.0,793.0,8410.0,70.0,506.0,9.0,71.0,793.0,8410.0,168.0,1204.0,37.0,288.0,0.0,0.0,1.0069506242871284,4.742196753621101,1.0339352786540985,5.052728481590748,ok,
1068,GovReport,12051.0,0.75,1616042250660.1357,311372580500.26324,1.0,24.0,1022.0,12050.0,0.08481327800829876,1.0,872.0,10219.0,115.0,1140.0,13.0,59.0,872.0,10219.0,213.0,1964.0,66.0,721.0,0.0,0.0,1.1280857473611832,6.92034000903368,1.1673549935221672,7.3087547942996025,ok,
1118,GovReport,11503.0,0.5,1147559677050.013,301303180043.2852,1.0,26.0,1004.0,11502.0,0.08728916710137367,1.0,857.0,9720.0,78.0,628.0,5.0,57.0,857.0,9720.0,185.0,1473.0,10.0,162.0,0.0,0.0,1.1302842646837234,6.501259490847588,1.1591631323099136,6.8473068326711655,ok,
1122,GovReport,10084.0,0.6666666666666667,1125807278804.544,294004889362.51575,1.0,22.0,999.0,10083.0,0.09907765545968462,1.0,923.0,9177.0,66.0,524.0,2.0,55.0,923.0,9177.0,132.0,1124.0,2.0,130.0,0.0,0.0,1.157723717391491,5.815750740468502,1.2000464051961899,6.266683869063854,ok,
1125,GovReport,4230.0,0.6666666666666667,1545994822555.0557,586138447128.7994,1.0,15.0,932.0,4229.0,0.22038306928351856,1.0,699.0,3422.0,89.0,372.0,17.0,39.0,699.0,3422.0,180.0,654.0,44.0,195.0,0.0,0.0,0.42491623759269714,0.9968544989824295,0.4511318877339363,1.1393440291285515,ok,
1190,GovReport,6173.0,0.33333333333333337,1290368155668.7458,188230456253.62787,1.0,15.0,1018.0,6172.0,0.16493843162670124,1.0,849.0,5043.0,80.0,598.0,21.0,93.0,849.0,5043.0,138.0,928.0,58.0,434.0,0.0,0.0,0.7417416870594025,1.9967967495322227,0.7696318402886391,2.313567966222763,ok,
1193,GovReport,7187.0,0.5,878683375298.0278,335650833907.79987,1.0,14.0,1013.0,7186.0,0.14096854995825217,1.0,877.0,6193.0,90.0,416.0,6.0,26.0,877.0,6193.0,167.0,711.0,7.0,50.0,0.0,0.0,0.7869056612253189,2.9104212522506714,0.8159301802515984,3.1258918717503548,ok,
1197,GovReport,5893.0,0.5,2233422308023.9106,517796521831.19965,1.0,9.0,1015.0,5892.0,0.17226748133061778,1.0,858.0,4876.0,59.0,392.0,15.0,59.0,858.0,4876.0,107.0,707.0,34.0,168.0,0.0,0.0,0.7004215642809868,2.16172131896019,0.7278361469507217,2.3438280820846558,ok,
1198,GovReport,11061.0,0.6666666666666667,1610633678413.968,428117111298.51917,1.0,24.0,1006.0,11060.0,0.09095840867992767,1.0,836.0,9261.0,70.0,593.0,15.0,66.0,836.0,9261.0,187.0,1350.0,23.0,269.0,0.0,0.0,1.2150638848543167,5.954153783619404,1.2520279213786125,6.413742281496525,ok,
1323,GovReport,8409.0,0.6666666666666667,1557301393043.4412,437588932893.8354,1.0,17.0,1015.0,8408.0,0.12071836346336821,1.0,867.0,6933.0,84.0,595.0,21.0,60.0,867.0,6933.0,153.0,1096.0,44.0,249.0,0.0,0.0,0.9544753357768059,3.612203322350979,0.9833536073565483,3.8735596239566803,ok,
1324,GovReport,8415.0,0.33333333333333337,1546763810626.1501,428628752563.78436,1.0,17.0,1020.0,8414.0,0.12122652721654385,1.0,872.0,6970.0,84.0,609.0,21.0,58.0,872.0,6970.0,153.0,1113.0,44.0,262.0,0.0,0.0,0.9685749635100365,3.772285595536232,0.9982283487915993,4.130605965852737,ok,
1344,GovReport,4591.0,0.6666666666666667,1424023247034.4417,442419430470.7674,1.0,12.0,952.0,4590.0,0.2074074074074074,1.0,814.0,3935.0,57.0,298.0,5.0,21.0,814.0,3935.0,78.0,398.0,21.0,147.0,0.0,0.0,0.4587323069572449,1.2687451019883156,0.4924153685569763,1.5109803527593613,ok,
1350,GovReport,4230.0,0.6666666666666667,1191900984361.9788,524706261964.8759,1.0,15.0,932.0,4229.0,0.22038306928351856,1.0,699.0,3422.0,89.0,372.0,17.0,39.0,699.0,3422.0,180.0,654.0,44.0,195.0,0.0,0.0,0.36215363442897797,0.9901682138442993,0.38678012043237686,1.1153614893555641,ok,
1644,GovReport,7698.0,0.5714285714285714,1711109445461.4885,662427679957.8595,1.0,19.0,991.0,7697.0,0.12875146160841885,1.0,810.0,6351.0,102.0,479.0,21.0,75.0,810.0,6351.0,202.0,1018.0,39.0,188.0,0.0,0.0,0.8500128537416458,2.9111232981085777,0.9744229540228844,3.258409932255745,ok,
1645,GovReport,8431.0,0.9,2432189139195.3086,507110618372.61664,1.0,24.0,1014.0,8430.0,0.1202846975088968,1.0,839.0,7130.0,39.0,489.0,5.0,24.0,839.0,7130.0,75.0,903.0,20.0,252.0,0.0,0.0,1.0996067970991135,3.7562820687890053,1.1272048652172089,4.004218146204948,ok,
2018,GovReport,11503.0,0.8571428571428572,1699610578763.2566,342779993967.2278,1.0,26.0,1004.0,11502.0,0.08728916710137367,1.0,857.0,9720.0,78.0,628.0,5.0,57.0,857.0,9720.0,185.0,1473.0,10.0,162.0,0.0,0.0,1.1404619216918945,6.217225514352322,1.171488881111145,6.569692350924015,ok,
2023,GovReport,11392.0,0.75,1732392665707.5962,263031205987.62924,1.0,22.0,1019.0,11391.0,0.08945658853480819,1.0,888.0,10124.0,70.0,747.0,5.0,77.0,888.0,10124.0,89.0,1090.0,30.0,305.0,0.0,0.0,1.4117609187960625,7.009020373225212,1.447418637573719,7.3672735914587975,ok,
